Country/Region,Continent,Population,TotalCases,TotalDeaths,TotalRecovered,ActiveCases,"Serious,Critical",Tot Cases/1M pop,Deaths/1M pop,TotalTests,Tests/1M pop,WHO Region
USA,North America,11567414.62566845,5032179,162804.0,7012.617142857142,2469.2303370786517,27.694136204166664,1932.3507853403141,42.45018404907975,327839.0470588235,37174.66849640472,Americas
Brazil,South America,11567414.62566845,2917562,98644.0,7012.617142857142,2469.2303370786517,27.694136204166664,1932.3507853403141,42.45018404907975,327839.0470588235,62085.0,Americas
India,Asia,11567414.62566845,2025409,41638.0,7012.617142857142,2469.2303370786517,27.694136204166664,1466.0,30.0,327839.0470588235,16035.0,South-EastAsia
Russia,Europe,11567414.62566845,871894,14606.0,7012.617142857142,2469.2303370786517,27.694136204166664,1520.4991138548096,26.96968222941251,327839.0470588235,37174.66849640472,Europe
South Africa,Africa,7241599.935185998,538184,9604.0,7012.617142857142,2469.2303370786517,27.694136204166664,1685.4198167539266,29.07209714306458,327839.0470588235,53044.0,Africa
Mexico,North America,11567414.62566845,462690,50517.0,7012.617142857142,2469.2303370786517,27.694136204166664,3585.0,42.45018404907975,174228.7332620321,8189.0,Americas
Peru,South America,7241599.935185998,455409,20424.0,7012.617142857142,2469.2303370786517,27.694136204166664,1932.3507853403141,42.45018404907975,327839.0470588235,75521.0,Americas
Chile,South America,19132514.0,366671,9889.0,7012.617142857142,1161.3783948635635,27.694136204166664,1932.3507853403141,42.45018404907975,174228.7332620321,92022.0,Americas
Colombia,South America,7241599.935185998,357710,11939.0,7012.617142857142,2469.2303370786517,27.694136204166664,1520.4991138548096,29.07209714306458,174228.7332620321,35374.0,Americas
Spain,Europe,7241599.935185998,354530,28500.0,3416.9525937749404,900.0553118288609,27.694136204166664,1685.4198167539266,42.45018404907975,327839.0470588235,37174.66849640472,Europe
Iran,Asia,11567414.62566845,320117,17976.0,7012.617142857142,2469.2303370786517,27.694136204166664,3806.0,29.07209714306458,327839.0470588235,31068.0,EasternMediterranean
UK,Europe,11567414.62566845,308134,46413.0,3416.9525937749404,900.0553118288609,27.694136204166664,1254.751627225775,42.45018404907975,327839.0470588235,48010.90395480226,Europe
Saudi Arabia,Asia,7241599.935185998,284226,3055.0,7012.617142857142,2469.2303370786517,27.694136204166664,1685.4198167539266,88.0,327839.0470588235,32003.329056477993,EasternMediterranean
Pakistan,Asia,11567414.62566845,281863,6035.0,7012.617142857142,2469.2303370786517,27.694136204166664,1274.0,27.0,327839.0470588235,9304.0,EasternMediterranean
Bangladesh,Asia,11567414.62566845,249651,3306.0,7012.617142857142,2469.2303370786517,29.200142513583323,1514.0,20.0,174228.7332620321,7432.0,South-EastAsia
Italy,Europe,7241599.935185998,249204,35187.0,7012.617142857142,1161.3783948635635,28.590305992532766,4122.0,42.45018404907975,327839.0470588235,33855.74284137664,Europe
Turkey,Asia,11567414.62566845,237265,5798.0,7012.617142857142,1161.3783948635635,27.694136204166664,2810.0,69.0,327839.0470588235,60191.0,Europe
Argentina,South America,7241599.935185998,228195,4251.0,7012.617142857142,2469.2303370786517,27.694136204166664,1254.751627225775,94.0,174228.7332620321,17564.0,Americas
Germany,Europe,11567414.62566845,215210,9252.0,7012.617142857142,1161.3783948635635,29.200142513583327,2568.0,26.96968222941251,327839.0470588235,102452.0,Europe
France,Europe,11567414.62566845,195633,30312.0,7012.617142857142,2469.2303370786517,29.200142513583327,2996.0,42.45018404907975,327839.0470588235,61147.0,Europe
Iraq,Asia,7241599.935185998,140603,5161.0,7012.617142857142,2469.2303370786517,27.694136204166664,3488.0,29.07209714306458,174228.7332620321,27111.0,EasternMediterranean
Philippines,Asia,11567414.62566845,119460,2150.0,7012.617142857142,2469.2303370786517,29.200142513583327,1089.0,20.0,174228.7332620321,15220.0,WesternPacific
Indonesia,Asia,11567414.62566845,118753,5521.0,7012.617142857142,2469.2303370786517,29.200142513583323,434.0,20.0,174228.7332620321,5965.0,South-EastAsia
Canada,North America,7241599.935185998,118561,8966.0,7012.617142857142,1161.3783948635635,27.694136204166664,3139.0,42.45018404907975,327839.0470588235,33855.74284137664,Americas
Qatar,Asia,2807805.0,112092,178.0,7012.617142857142,919.1181868354086,27.694136204166664,1932.3507853403141,63.0,136227.99896144614,37174.66849640472,EasternMediterranean
Kazakhstan,Asia,18798667.0,95942,1058.0,7012.617142857142,2469.2303370786517,29.200142513583327,1254.751627225775,56.0,327839.0470588235,33855.74284137664,Europe
Egypt,Africa,11567414.62566845,95006,4951.0,3416.95259377494,2469.2303370786517,28.590305992532766,927.0,48.0,135000.0,1317.0,EasternMediterranean
Ecuador,South America,17668824.0,90537,5877.0,7012.617142857142,1161.3783948635635,29.200142513583327,1254.751627225775,42.45018404907975,258582.0,14635.0,Americas
Bolivia,South America,11688459.0,86423,3465.0,3416.95259377494,2469.2303370786517,27.694136204166664,1685.4198167539266,42.45018404907975,183583.0,15706.0,Americas
Sweden,Europe,10105596.0,81967,5766.0,3416.9525937749404,900.0553118288609,28.590305992532766,1685.4198167539266,42.45018404907975,174228.7332620321,85429.0,Europe
Oman,Asia,5118446.0,80713,492.0,7012.617142857142,1161.3783948635635,29.200142513583327,1932.3507853403141,26.30272263742616,309212.0,60411.0,EasternMediterranean
Israel,Asia,9197590.0,79559,576.0,7012.617142857142,2469.2303370786517,29.200142513583327,1685.4198167539266,63.0,327839.0470588235,37174.66849640472,Europe
Ukraine,Europe,7241599.935185998,76808,1819.0,3416.95259377494,2469.2303370786517,29.200142513583327,1757.0,42.0,174228.7332620321,25549.0,Europe
Dominican Republic,North America,10858648.0,76536,1246.0,3416.95259377494,2469.2303370786517,29.200142513583327,1520.4991138548096,29.07209714306458,281926.0,25963.0,Americas
Panama,North America,4321282.0,71418,1574.0,3416.95259377494,2469.2303370786517,29.200142513583327,1932.3507853403141,42.45018404907975,240995.0,55769.0,Americas
Belgium,Europe,11594739.0,71158,9859.0,3416.95259377494,2469.2303370786517,27.694136204166664,1520.4991138548096,42.45018404907975,174228.7332620321,37174.66849640472,Europe
Kuwait,Asia,4276658.0,70045,469.0,7012.617142857142,1161.3783948635635,27.694136204166664,1932.3507853403141,26.96968222941251,136227.99896144614,33855.74284137664,EasternMediterranean
Belarus,Europe,9449001.0,68503,580.0,7012.617142857142,974.3884749613742,29.200142513583323,1685.4198167539266,61.0,174228.7332620321,37174.66849640472,Europe
UAE,Asia,9902079.0,61845,354.0,7012.617142857142,1094.8295591437154,29.200142513583323,1520.4991138548096,36.0,327839.0470588235,48010.90395480226,EasternMediterranean
Romania,Europe,19224023.0,57895,2566.0,3416.95259377494,2469.2303370786517,27.694136204166664,3012.0,29.07209714306458,174228.7332620321,68631.0,Europe
Netherlands,Europe,17138756.0,56982,6153.0,3416.9525937749404,900.0553118288609,28.590305992532766,3325.0,42.45018404907975,174228.7332620321,63007.0,Europe
Singapore,Asia,5854932.0,54555,27.0,3416.95259377494,1161.3783948635635,29.200142513583323,1932.3507853403141,5.0,174228.7332620321,48010.90395480226,WesternPacific
Guatemala,North America,17946899.0,54339,2119.0,3416.95259377494,1161.3783948635635,27.694136204166664,3028.0,29.07209714306458,172712.0,9624.0,Americas
Portugal,Europe,10193593.0,52061,1743.0,3416.95259377494,1161.3783948635635,28.590305992532766,1254.751627225775,29.07209714306458,174228.7332620321,37174.66849640472,Europe
Poland,Europe,7241599.935185998,49515,1774.0,3416.95259377494,1161.3783948635635,27.694136204166664,1308.0,47.0,327839.0470588235,62752.0,Europe
Nigeria,Africa,11567414.62566845,45244,930.0,3416.95259377494,1161.3783948635635,28.590305992532766,219.0,5.0,306894.0,1485.0,Africa
Honduras,North America,9919704.0,45098,1423.0,6116.0,2469.2303370786517,27.694136204166664,1254.751627225775,29.07209714306458,109292.0,11018.0,Americas
Bahrain,Asia,1706669.0,42889,156.0,3416.95259377494,900.0553118288609,28.590305992532766,1932.3507853403141,91.0,174228.7332620321,48010.90395480226,EasternMediterranean
Japan,Asia,11567414.62566845,42263,1026.0,3416.95259377494,1161.3783948635635,27.694136204166664,334.0,8.0,174228.7332620321,7425.0,WesternPacific
Armenia,Asia,2963811.0,39819,772.0,3416.95259377494,1161.3783948635635,29.200142513583323,1932.3507853403141,42.45018404907975,171600.0,57898.0,Europe
Ghana,Africa,7241599.935185998,39642,199.0,3416.95259377494,919.1181868354086,28.590305992532766,1273.0,6.0,131234.44575338412,13035.0,Africa
Kyrgyzstan,Asia,6534479.0,38659,1447.0,3416.95259377494,1161.3783948635635,28.590305992532766,1520.4991138548096,29.07209714306458,267718.0,40970.0,Europe
Afghanistan,Asia,7241599.935185998,36896,1298.0,3416.95259377494,1161.3783948635635,31.0,946.0,33.0,90396.0,2317.0,EasternMediterranean
Switzerland,Europe,8660952.0,36108,1985.0,3416.95259377494,2523.0,28.590305992532766,4169.0,29.07209714306458,174228.7332620321,94997.0,Europe
Algeria,Africa,7241599.935185998,33626,1273.0,3416.95259377494,1161.3783948635635,27.694136204166664,766.0,29.0,131234.44575338412,33044.1951465764,Africa
Azerbaijan,Asia,10148243.0,33247,479.0,3416.95259377494,974.3884749613742,27.694136204166664,3276.0,47.0,156140.98407053042,75499.0,Europe
Morocco,Africa,7241599.935185998,29644,449.0,3416.95259377494,1161.3783948635635,31.0,802.0,12.0,174228.7332620321,37448.0,EasternMediterranean
Uzbekistan,Asia,7241599.935185998,28315,175.0,3416.95259377494,1161.3783948635635,29.200142513583327,845.0,5.0,174228.7332620321,41112.0,Europe
Serbia,Europe,8733665.0,27332,621.0,14047.0,1161.3783948635635,27.694136204166664,3129.0,71.0,156140.98407053042,82799.0,Europe
Moldova,Europe,4032983.0,26628,828.0,3416.95259377494,1161.3783948635635,29.200142513583327,1520.4991138548096,29.07209714306458,128076.0,31757.0,Europe
Ireland,Europe,4943200.0,26372,1768.0,3416.95259377494,1240.0,27.694136204166664,1254.751627225775,42.45018404907975,145977.96233941877,33855.74284137664,Europe
Kenya,Africa,7241599.935185998,24411,399.0,10444.0,1161.3783948635635,27.694136204166664,453.0,7.0,335318.0,6223.0,Africa
Venezuela,South America,6818608.806464154,22299,195.0,12146.0,1161.3783948635635,28.590305992532766,784.0,7.0,174228.7332620321,55138.0,Americas
Nepal,Asia,6818608.806464154,21750,65.0,15389.0,1161.3783948635635,29.200142513583323,745.0,2.0,156140.98407053042,25079.0,South-EastAsia
Austria,Europe,9011577.0,21696,719.0,3416.95259377494,1381.0,28.590305992532766,2408.0,80.0,174228.7332620321,32003.329056477993,Europe
Costa Rica,North America,5098730.0,21070,200.0,7038.0,1161.3783948635635,27.694136204166664,4132.0,39.0,96110.0,18850.0,Americas
Ethiopia,Africa,11567414.62566845,20900,365.0,9027.0,1161.3783948635635,29.200142513583327,181.0,3.0,131234.44575338412,4069.0,Africa
Australia,Australia/Oceania,6537828.893535639,19890,255.0,10941.0,1161.3783948635635,27.694136204166664,779.0,10.0,327839.0470588235,37174.66849640472,WesternPacific
El Salvador,North America,6489514.0,19126,513.0,9236.0,1161.3783948635635,27.694136204166664,2947.0,79.0,251271.0,38720.0,Americas
Czechia,Europe,10711019.0,17731,390.0,12320.0,1057.1234464259196,28.590305992532766,1655.0,36.0,156140.98407053042,68030.0,Europe
Cameroon,Africa,6723476.214187539,17718,391.0,15320.0,2007.0,30.0,666.0,15.0,149000.0,5600.0,Africa
Ivory Coast,Africa,6628695.090217288,16447,103.0,12484.0,974.3884749613742,29.200142513583323,622.0,4.0,104584.0,3956.0,Africa
S. Korea,Asia,7241599.935185998,14519,303.0,13543.0,673.0,28.590305992532766,283.0,6.0,174228.7332620321,31471.0,WesternPacific
Denmark,Europe,5794279.0,14306,617.0,12787.0,902.0,27.694136204166664,2469.0,26.96968222941251,174228.7332620321,48010.90395480226,Europe
Palestine,Asia,5112340.0,13398,92.0,6907.0,1161.3783948635635,29.200142513583323,2621.0,18.0,200280.0,39176.0,EasternMediterranean
Bosnia and Herzegovina,Europe,3278650.0,13396,384.0,7042.0,1094.8295591437154,29.200142513583323,4086.0,29.07209714306458,147021.0,44842.0,Europe
Bulgaria,Europe,6942854.0,13014,435.0,7374.0,1094.8295591437154,27.694136204166664,1874.0,63.0,294087.0,42358.0,Europe
Madagascar,Africa,6818608.806464154,12526,134.0,10148.0,2244.0,27.694136204166664,451.0,5.0,46301.0,1668.0,Africa
Sudan,Africa,7241599.935185998,11780,763.0,6194.0,1057.1234464259196,29.200142513583323,268.0,17.0,401.0,9.0,EasternMediterranean
North Macedonia,Europe,2083365.0,11399,517.0,7480.0,919.1181868354086,27.694136204166664,1254.751627225775,42.45018404907975,109946.0,52773.0,Europe
Senegal,Africa,16783877.0,10715,223.0,7101.0,919.1181868354086,28.590305992532766,638.0,13.0,114761.0,6838.0,Africa
Norway,Europe,5425471.0,9468,256.0,8857.0,355.0,27.694136204166664,1745.0,47.0,131234.44575338412,87152.0,Europe
DRC,Africa,11567414.62566845,9309,215.0,8048.0,1046.0,29.200142513583323,104.0,2.0,131234.44575338412,33044.1951465764,Africa
Malaysia,Asia,7241599.935185998,9038,125.0,8713.0,200.0,27.694136204166664,279.0,4.0,174228.7332620321,30591.0,WesternPacific
French Guiana,South America,299385.0,8127,47.0,7240.0,840.0,28.590305992532766,1932.3507853403141,29.07209714306458,41412.0,33855.74284137664,Europe
Gabon,Africa,2230563.0,7787,51.0,5609.0,2127.0,28.590305992532766,3491.0,23.0,85369.0,38272.0,Africa
Tajikistan,Asia,9557468.0,7665,62.0,6443.0,1160.0,29.200142513583323,802.0,6.0,131234.44575338412,33044.1951465764,Europe
Guinea,Africa,13164905.0,7664,49.0,6757.0,858.0,28.590305992532766,582.0,4.0,14407.0,1094.0,Africa
Haiti,North America,11416103.0,7544,171.0,4832.0,2541.0,29.200142513583323,661.0,15.0,18443.0,1616.0,Americas
Finland,Europe,5541604.0,7532,331.0,6980.0,221.0,29.200142513583323,1359.0,60.0,129992.78443489078,70287.0,Europe
Zambia,Africa,18430129.0,7164,199.0,5786.0,1179.0,29.200142513583323,389.0,11.0,90307.0,4900.0,Africa
Luxembourg,Europe,626952.0,7073,119.0,5750.0,1204.0,28.590305992532766,1932.3507853403141,29.07209714306458,145977.96233941877,48010.90395480226,Europe
Mauritania,Africa,4660728.0,6444,157.0,5291.0,996.0,27.694136204166664,1383.0,34.0,57387.0,12313.0,Africa
Paraguay,South America,7141091.0,6375,66.0,4974.0,1335.0,28.590305992532766,893.0,9.0,135277.0,18943.0,Americas
Albania,Europe,2877470.0,6016,188.0,3155.0,2673.0,28.590305992532766,2091.0,65.0,38997.0,13553.0,Europe
Lebanon,Asia,6822220.0,5672,70.0,1974.0,974.3884749613742,27.694136204166664,831.0,10.0,345268.0,50609.0,EasternMediterranean
Croatia,Europe,4102577.0,5404,155.0,4688.0,561.0,28.590305992532766,1317.0,38.0,125317.0,30546.0,Europe
Djibouti,Africa,989387.0,5330,59.0,5057.0,214.0,29.200142513583323,1254.751627225775,60.0,59909.0,60552.0,EasternMediterranean
Greece,Europe,10417673.0,5123,210.0,1374.0,974.3884749613742,28.590305992532766,492.0,20.0,145977.96233941877,59456.0,Europe
Libya,Africa,6880353.0,4879,107.0,652.0,974.3884749613742,29.200142513583323,709.0,16.0,59699.0,8677.0,EasternMediterranean
Equatorial Guinea,Africa,1407001.0,4821,83.0,2182.0,2556.0,29.200142513583323,3426.0,59.0,44356.0,31525.0,Africa
Maldives,Asia,541448.0,4680,19.0,2725.0,1936.0,28.590305992532766,1685.4198167539266,35.0,85587.0,37174.66849640472,South-EastAsia
CAR,Africa,4837752.0,4620,59.0,1641.0,900.0553118288609,27.694136204166664,955.0,12.0,29589.0,6116.0,Europe
Hungary,Europe,9657785.0,4597,600.0,3463.0,534.0,28.590305992532766,476.0,62.0,352546.0,36504.0,Europe
Malawi,Africa,19174839.0,4491,137.0,2137.0,2217.0,27.694136204166664,234.0,7.0,33466.0,1745.0,Africa
Zimbabwe,Africa,14883803.0,4339,84.0,1264.0,919.1181868354086,29.200142513583323,292.0,6.0,140421.0,9434.0,Africa
Nicaragua,North America,6632263.0,3902,123.0,2913.0,866.0,29.200142513583323,588.0,19.0,131234.44575338412,33044.1951465764,Americas
Hong Kong,Asia,7503041.0,3850,46.0,2458.0,1346.0,28.590305992532766,513.0,6.0,156140.98407053042,92287.0,WesternPacific
Congo,Africa,5530506.0,3546,58.0,1589.0,1899.0,29.200142513583323,641.0,10.0,131234.44575338412,33044.1951465764,Africa
Montenegro,Europe,628074.0,3480,60.0,2178.0,1242.0,29.200142513583323,1254.751627225775,26.30272263742616,38427.0,61182.0,Europe
Thailand,Asia,11567414.62566845,3330,58.0,3148.0,124.0,27.694136204166664,48.0,0.8,156140.98407053042,10731.0,South-EastAsia
Somalia,Africa,15933012.0,3227,93.0,1728.0,1406.0,27.694136204166664,203.0,6.0,131234.44575338412,33044.1951465764,EasternMediterranean
Mayotte,Africa,273419.0,3042,39.0,2738.0,265.0,27.694136204166664,1932.3507853403141,29.07209714306458,13000.0,47546.0,Europe
Eswatini,Africa,1161348.0,2968,55.0,1476.0,1437.0,27.694136204166664,2556.0,47.0,20784.0,17896.0,Africa
Sri Lanka,Asia,21422362.0,2839,11.0,2541.0,287.0,27.694136204166664,133.0,0.5,166737.0,7783.0,South-EastAsia
Cuba,North America,11325899.0,2775,88.0,2409.0,278.0,27.694136204166664,245.0,8.0,285471.0,25205.0,Americas
Cabo Verde,Africa,556581.0,2734,27.0,2010.0,697.0,29.200142513583323,1254.751627225775,49.0,61633.0,33044.1951465764,Africa
Namibia,Africa,2545264.0,2652,15.0,563.0,2074.0,28.590305992532766,1042.0,6.0,29233.0,11485.0,Africa
Mali,Africa,20302901.0,2552,124.0,1954.0,474.0,29.200142513583323,126.0,6.0,25152.0,1239.0,Africa
Slovakia,Europe,5459915.0,2480,29.0,1824.0,627.0,27.694136204166664,454.0,5.0,272322.0,49877.0,Europe
South Sudan,Africa,11206572.0,2450,47.0,1175.0,1228.0,29.200142513583323,219.0,4.0,12044.0,1075.0,Africa
Slovenia,Europe,2078968.0,2223,125.0,1909.0,189.0,27.694136204166664,1069.0,60.0,135702.0,65274.0,Europe
Lithuania,Europe,2718121.0,2171,81.0,1656.0,434.0,27.694136204166664,799.0,30.0,136227.99896144614,37174.66849640472,Europe
Estonia,Europe,1326627.0,2124,63.0,1954.0,107.0,29.200142513583323,1601.0,47.0,122880.0,92626.0,Europe
Mozambique,Africa,7241599.935185998,2120,15.0,795.0,1310.0,29.200142513583323,68.0,0.5,65151.0,2079.0,Africa
Rwanda,Africa,12981546.0,2111,5.0,1258.0,848.0,29.200142513583323,163.0,0.4,286251.0,22051.0,Africa
Suriname,South America,587154.0,2096,29.0,1446.0,621.0,28.590305992532766,3570.0,49.0,2785.0,4743.0,Americas
Guinea-Bissau,Africa,1972277.0,2032,27.0,944.0,1061.0,27.694136204166664,1030.0,14.0,1500.0,761.0,Africa
Benin,Africa,12151976.0,1936,38.0,1600.0,298.0,27.694136204166664,159.0,3.0,93677.0,7709.0,Africa
Iceland,Europe,341465.0,1930,10.0,1825.0,95.0,29.200142513583323,1254.751627225775,29.0,149693.0,48010.90395480226,Europe
Sierra Leone,Africa,7992169.0,1877,67.0,1427.0,383.0,29.200142513583323,235.0,8.0,131234.44575338412,33044.1951465764,Africa
Yemen,Asia,6818608.806464154,1768,508.0,898.0,362.0,29.200142513583323,59.0,17.0,120.0,4.0,EasternMediterranean
Tunisia,Africa,11830801.0,1642,51.0,1241.0,350.0,28.590305992532766,139.0,4.0,100298.0,8478.0,EasternMediterranean
New Zealand,Australia/Oceania,5002100.0,1569,22.0,1524.0,23.0,29.200142513583323,314.0,4.0,136227.99896144614,97348.0,WesternPacific
Angola,Africa,7241599.935185998,1483,64.0,520.0,899.0,28.590305992532766,45.0,2.0,64747.0,1965.0,Africa
Uruguay,South America,3474956.0,1318,37.0,1079.0,202.0,27.694136204166664,379.0,11.0,126956.0,36535.0,Americas
Latvia,Europe,1883936.0,1275,32.0,1070.0,173.0,29.200142513583323,677.0,17.0,207909.0,33044.1951465764,Europe
Jordan,Asia,10213138.0,1232,11.0,1171.0,50.0,27.694136204166664,121.0,1.0,145977.96233941877,61562.0,EasternMediterranean
Liberia,Africa,5068618.0,1224,78.0,705.0,441.0,29.200142513583323,241.0,15.0,131234.44575338412,33044.1951465764,Africa
Uganda,Africa,7241599.935185998,1223,5.0,1102.0,116.0,29.200142513583323,27.0,0.1,288367.0,6287.0,Africa
Cyprus,Asia,1208238.0,1208,19.0,856.0,333.0,29.200142513583323,1000.0,16.0,216597.0,37174.66849640472,Europe
Georgia,Asia,3988368.0,1206,17.0,987.0,202.0,29.200142513583323,302.0,4.0,240473.0,60294.0,Europe
Burkina Faso,Africa,20954852.0,1158,54.0,961.0,143.0,29.200142513583323,55.0,3.0,131234.44575338412,33044.1951465764,Africa
Niger,Africa,24281433.0,1153,69.0,1057.0,27.0,29.200142513583323,47.0,3.0,9052.0,373.0,Africa
Togo,Africa,8296582.0,1012,22.0,697.0,293.0,27.694136204166664,122.0,3.0,45767.0,5516.0,Africa
Syria,Asia,17539600.0,999,48.0,311.0,640.0,29.200142513583323,57.0,3.0,131234.44575338412,33044.1951465764,EasternMediterranean
Jamaica,North America,2962478.0,958,12.0,745.0,201.0,29.200142513583323,323.0,4.0,41840.0,14123.0,Americas
Malta,Europe,441663.0,946,9.0,670.0,267.0,29.200142513583323,2142.0,20.0,136713.0,48010.90395480226,Europe
Andorra,Europe,77278.0,944,52.0,828.0,64.0,27.694136204166664,1932.3507853403141,42.45018404907975,3750.0,48526.0,Europe
Chad,Africa,16467965.0,942,76.0,838.0,28.0,29.200142513583323,57.0,5.0,131234.44575338412,33044.1951465764,Africa
Gambia,Africa,2422754.0,935,16.0,136.0,783.0,29.200142513583323,386.0,7.0,5183.0,2139.0,Africa
Sao Tome and Principe,Africa,219544.0,878,15.0,797.0,66.0,29.200142513583323,3999.0,68.0,3079.0,14025.0,Africa
Botswana,Africa,2356075.0,804,2.0,63.0,739.0,27.694136204166664,341.0,0.8,68423.0,29041.0,Africa
Bahamas,North America,393616.0,761,14.0,91.0,656.0,27.694136204166664,1933.0,36.0,4814.0,12230.0,Americas
Vietnam,Asia,11567414.62566845,747,10.0,392.0,345.0,29.200142513583323,8.0,0.1,136227.99896144614,4952.0,WesternPacific
Lesotho,Africa,2143943.0,742,23.0,175.0,544.0,29.200142513583323,346.0,11.0,8771.0,4091.0,Africa
Diamond Princess,Africa,6818608.806464154,712,13.0,651.0,48.0,27.694136204166664,1254.7516272257753,26.96968222941251,131234.44575338412,33044.1951465764,Europe
San Marino,Europe,33938.0,699,42.0,657.0,0.0,29.200142513583323,1932.3507853403141,42.45018404907975,6068.0,37174.66849640472,Europe
Réunion,Africa,895952.0,671,5.0,592.0,74.0,27.694136204166664,749.0,6.0,35419.0,39532.0,Europe
Channel Islands,Europe,174022.0,597,47.0,533.0,17.0,29.200142513583323,3431.0,42.45018404907975,30721.0,37174.66849640472,Europe
Guyana,South America,786936.0,538,22.0,189.0,327.0,27.694136204166664,684.0,28.0,5165.0,6563.0,Americas
Tanzania,Africa,7241599.935185998,509,21.0,183.0,305.0,28.590305992532766,8.0,0.4,131234.44575338412,33044.1951465764,Africa
Taiwan,Asia,23821199.0,477,7.0,443.0,27.0,29.200142513583323,20.0,0.3,82737.0,3473.0,WesternPacific
Comoros,Africa,871326.0,396,7.0,340.0,49.0,29.200142513583323,454.0,8.0,131234.44575338412,33044.1951465764,Africa
Burundi,Africa,11922216.0,395,1.0,304.0,90.0,29.200142513583323,33.0,0.08,15614.0,1310.0,Africa
Myanmar,Asia,7241599.935185998,357,6.0,308.0,43.0,29.200142513583323,7.0,0.1,122290.0,2246.0,South-EastAsia
Mauritius,Africa,1271985.0,344,10.0,334.0,0.0,29.200142513583323,270.0,8.0,205285.0,37174.66849640472,Africa
Isle of Man,Europe,85078.0,336,24.0,312.0,0.0,29.200142513583323,3949.0,42.45018404907975,8627.0,101401.0,Europe
Mongolia,Asia,3283344.0,293,3792.590425531915,260.0,33.0,27.694136204166664,89.0,26.96968222941251,38334.0,11675.0,WesternPacific
Eritrea,Africa,3551175.0,282,3792.590425531915,225.0,57.0,29.200142513583323,79.0,26.96968222941251,131234.44575338412,33044.1951465764,Africa
Guadeloupe,North America,400131.0,279,14.0,179.0,86.0,29.200142513583323,697.0,35.0,18476.0,46175.0,Europe
Martinique,North America,375235.0,276,15.0,98.0,163.0,27.694136204166664,736.0,40.0,12227.0,32585.0,Europe
Faeroe Islands,Europe,48882.0,266,3792.590425531915,192.0,74.0,27.694136204166664,1254.751627225775,26.96968222941251,43045.0,48010.90395480226,Europe
Aruba,North America,106812.0,263,3.0,114.0,146.0,29.200142513583323,2462.0,28.0,14047.0,33855.74284137664,Europe
Cambodia,Asia,16741375.0,243,3792.590425531915,210.0,33.0,27.694136204166664,15.0,26.96968222941251,67807.0,4050.0,WesternPacific
Trinidad and Tobago,North America,1399950.0,210,8.0,135.0,67.0,29.200142513583323,150.0,6.0,9559.0,6828.0,Americas
Cayman Islands,North America,65798.0,203,1.0,202.0,0.0,29.200142513583323,3085.0,15.0,31108.0,48010.90395480226,Europe
Gibraltar,Europe,33690.0,190,3792.590425531915,184.0,6.0,29.200142513583323,1254.751627225775,26.96968222941251,23063.0,48010.90395480226,Europe
Papua New Guinea,Australia/Oceania,8963009.0,163,3.0,53.0,107.0,29.200142513583323,18.0,0.3,10808.0,1206.0,WesternPacific
Sint Maarten,North America,42924.0,160,16.0,64.0,80.0,27.694136204166664,3728.0,42.45018404907975,1115.0,25976.0,Europe
Bermuda,North America,62254.0,157,9.0,144.0,4.0,29.200142513583323,2522.0,29.07209714306458,26352.0,48010.90395480226,Americas
Brunei ,Asia,437893.0,141,3.0,138.0,0.0,29.200142513583323,322.0,7.0,41148.0,93968.0,Europe
Barbados,North America,287411.0,133,7.0,100.0,26.0,29.200142513583323,463.0,24.0,12233.0,42563.0,Americas
Turks and Caicos,North America,38768.0,129,2.0,39.0,88.0,27.694136204166664,3327.0,52.0,1252.0,32295.0,Europe
Seychelles,Africa,98408.0,126,3792.590425531915,124.0,2.0,29.200142513583323,1280.0,26.96968222941251,131234.44575338412,33044.1951465764,Africa
Monaco,Europe,39270.0,125,4.0,105.0,16.0,27.694136204166664,3183.0,26.96968222941251,38209.0,48010.90395480226,Europe
Bhutan,Asia,772443.0,105,3792.590425531915,93.0,12.0,29.200142513583323,136.0,26.96968222941251,54589.0,70671.0,South-EastAsia
Antigua and Barbuda,North America,98010.0,92,3.0,76.0,13.0,27.694136204166664,939.0,31.0,1500.0,15305.0,Americas
Liechtenstein,Europe,38139.0,89,1.0,85.0,3.0,29.200142513583323,2334.0,26.0,900.0,23598.0,Europe
Belize,North America,398312.0,86,2.0,31.0,53.0,27.694136204166664,216.0,5.0,3679.0,9236.0,Americas
French Polynesia,Australia/Oceania,281072.0,64,3792.590425531915,62.0,2.0,29.200142513583323,228.0,26.96968222941251,5849.0,20810.0,Europe
St. Vincent Grenadines,North America,110976.0,56,3792.590425531915,46.0,10.0,29.200142513583323,505.0,26.96968222941251,2447.0,22050.0,Europe
Saint Martin,North America,38729.0,53,3.0,41.0,9.0,27.694136204166664,1368.0,77.0,1183.0,30546.0,Europe
Macao,Asia,650193.0,46,3792.590425531915,46.0,0.0,29.200142513583323,71.0,26.96968222941251,4071.0,6261.0,Europe
Curaçao,North America,164161.0,31,1.0,28.0,2.0,29.200142513583323,189.0,6.0,1080.0,6579.0,Europe
Fiji,Australia/Oceania,897095.0,27,1.0,18.0,8.0,29.200142513583323,30.0,1.0,6693.0,7461.0,WesternPacific
Saint Lucia,North America,183712.0,25,3792.590425531915,24.0,1.0,29.200142513583323,136.0,26.96968222941251,3895.0,21202.0,Americas
Timor-Leste,Asia,1320812.0,25,3792.590425531915,24.0,1.0,29.200142513583323,19.0,26.96968222941251,4238.0,3209.0,South-EastAsia
Grenada,North America,112576.0,24,3792.590425531915,23.0,1.0,29.200142513583323,213.0,26.96968222941251,6252.0,55536.0,Americas
New Caledonia,Australia/Oceania,285769.0,22,3792.590425531915,22.0,0.0,29.200142513583323,77.0,26.96968222941251,11099.0,38839.0,Europe
Laos,Asia,7285750.0,20,3792.590425531915,19.0,1.0,29.200142513583323,3.0,26.96968222941251,29374.0,4032.0,WesternPacific
Dominica,North America,72004.0,18,3792.590425531915,18.0,0.0,29.200142513583323,250.0,26.96968222941251,1005.0,13958.0,Americas
Saint Kitts and Nevis,North America,53237.0,17,3792.590425531915,16.0,1.0,29.200142513583323,319.0,26.96968222941251,1146.0,21526.0,Americas
Greenland,North America,56780.0,14,3792.590425531915,14.0,0.0,29.200142513583323,247.0,26.96968222941251,5977.0,32003.329056477993,Europe
Montserrat,North America,4992.0,13,1.0,10.0,2.0,29.200142513583323,2604.0,29.07209714306458,61.0,12220.0,Europe
Caribbean Netherlands,North America,26247.0,13,3792.590425531915,7.0,6.0,29.200142513583323,495.0,26.96968222941251,424.0,16154.0,Europe
Falkland Islands,South America,3489.0,13,3792.590425531915,13.0,0.0,29.200142513583323,3726.0,26.96968222941251,1816.0,48010.90395480226,Europe
Vatican City,Europe,801.0,12,3792.590425531915,12.0,0.0,29.200142513583323,1932.3507853403141,26.96968222941251,131234.44575338412,33044.1951465764,Europe
Western Sahara,Africa,598682.0,10,1.0,8.0,1.0,29.200142513583323,17.0,2.0,131234.44575338412,33044.1951465764,Africa
